warehouse_name,warehouse_location,warehouse_zipcode
"Roberts, Gardner and Willis",5817 Contreras Lodge Suite 387,66658
"Bowers, Hendrix and Gutierrez",22764 John Squares Suite 241,78707
"Edwards, Smith and Preston",23743 Elijah Brook Suite 609,85619
Parker-Garrett,92632 Renee View Suite 757,07539
"Bryan, Bradley and Li",83753 Porter Burgs,11336
Williams-Maxwell,5933 Jason Pass,95076
Roberts-Moyer,457 Hogan Roads Suite 424,28006
Baker-Jackson,810 Trujillo Throughway,83147
Perez Group,37337 Alan Crossing Suite 107,63609
Jones-Wilson,324 Williams Glens,51338
Hoffman Ltd,02443 Rogers Mews Apt. 240,79810
Hill-Johnson,8867 Anthony Course Suite 559,50306
"Chen, Kim and Scott",505 Jasmine Terrace Apt. 425,01853
Reynolds Inc,4054 Amanda Lakes Apt. 954,09524
"Manning, Fisher and Shelton",37621 Estes Hollow,99306
"Fitzgerald, Fernandez and Campbell",21889 Ryan Union Suite 038,86359
Johnston Inc,6437 Christopher Manor,64683
Ross-Mercer,6927 Kim Road,62170
Strickland-Martinez,9390 Solomon Rest,78049
Gilbert-Hubbard,533 Cruz Cove Apt. 002,89485
Lee and Sons,19416 Edward Junctions,67323
Owens Group,078 Dunn Mews Suite 985,31529
Martin Ltd,068 Thomas Plaza,76131
"Brown, Humphrey and Callahan",253 Thomas Lights Apt. 561,08592
"Curry, Cox and Watson",071 Thomas Meadow,87890
